Date,Current.Year,Previous.Year,Percentile 5th,Percentile 25th,median,Percentile 75th,Percentile 95th
2019-01-01,0,0,0,0,0.129309033234779,1.59724701667026,7.95635141388754
2019-01-02,0,0,0,0,0.123212501591595,1.54074687230214,7.74808272312345
2019-01-03,0,0,0,0,0.117236136824967,1.48527799340882,7.54333554408887
2019-01-04,0,0,0,0,0.111385826983333,1.43088239222698,7.34225392021321
2019-01-05,0,0.983960812162166,0,0,0.105667460115134,1.37760208099336,7.14498189492586
2019-01-06,0,0.983960812162166,0,0,0.100086924268807,1.32547907194464,6.95166351165624
2019-01-07,0,0.655973874774778,0,0,0.0946501074927905,1.27455537731754,6.76244281383374
2019-01-08,0,0,0,0,0.0893628978355239,1.22487300934878,6.57746384488778
2019-01-09,0,0,0,0,0.0842311833454457,1.17647398027505,6.39687064824777
2019-01-10,0,0,0,0,0.0792608520709944,1.12940030233308,6.2208072673431
2019-01-11,0,5.24779099819822,0,0,0.0744577920606087,1.08369398775956,6.04941774560317
2019-01-12,0,5.57577793558561,0,0,0.0698278913627273,1.0393970487912,5.88284612645741
2019-01-13,0,2.9518824364865,0,0,0.065355169911645,0.996420012957919,5.72076585565624
2019-01-14,0,0,0,0,0.0610192941625501,0.954637221960646,5.56272874463202
2019-01-15,0,0,0,0,0.0568196219452215,0.914036409292622,5.40869638533704
2019-01-16,0,0,0,0,0.052755511089438,0.87460530844709,5.25863036972355
2019-01-17,0,0,0,0,0.0488263194249785,0.836331652917291,5.11249228974383
2019-01-18,0,0,0,0,0.0450314047816218,0.799203176196467,4.97024373735016
2019-01-19,0,0,0,0,0.0413701249891466,0.763207611777861,4.83184630449481
2019-01-20,0,0,0,0,0.037841837877332,0.728332693154713,4.69726158313005
2019-01-21,0,0,0,0,0.0344459012759566,0.694566153820266,4.56645116520815
2019-01-22,0,0,0,0,0,0.661895727267762,4.43937664268138
2019-01-23,0,0,0,0,0,0.630309146990443,4.31599960750203
2019-01-24,0,0,0,0,0,0.599958396435063,4.19677688518881
2019-01-25,0,0,0,0,0,0.570968046646659,4.08208514181594
2019-01-26,0,0,0,0,0,0.543284712515896,3.97176573016893
2019-01-27,0,0,0,0,0,0.516855008933438,3.86566000303329
2019-01-28,0,0,0,0,0,0.491625550789948,3.76360931319453
2019-01-29,0,0,0,0,0,0.467542952976091,3.66545501343817
2019-01-30,0,0,0,0,0,0.444553830382531,3.57103845654971
2019-01-31,0,0,0,0,0,0.422604797899932,3.48020099531466
2019-02-01,0,0,0,0,0,0.401642470418959,3.39278398251854
2019-02-02,0,4.91980406081083,0,0,0,0.381613462830276,3.30862877094685
2019-02-03,0,4.26383018603605,0,0,0,0.362464390024546,3.22757671338511
2019-02-04,0,0.655973874774778,0,0,0,0.344141866892434,3.14946916261883
2019-02-05,0,0,0,0,0,0.327072332866587,3.07608862388498
2019-02-06,0,0,0,0,0,0.311631908264098,3.00893417156188
2019-02-07,0,0,0,0,0,0.297691729302302,2.94742201214706
2019-02-08,0,0,0,0,0,0.285122932198531,2.89096835213803
2019-02-09,0,0,0,0,0,0.273796653170119,2.83898939803233
2019-02-10,0,0,0,0,0,0.263584028434399,2.79090135632746
2019-02-11,0,0,0,0,0,0.254356194208705,2.74612043352095
2019-02-12,0,0,0,0,0,0.24598428671037,2.70406283611032
2019-02-13,0,0,0,0,0,0.238339442156727,2.6641447705931
2019-02-14,0,0,0,0,0,0.231292796765111,2.6257824434668
2019-02-15,0,0,0,0,0,0.224715486752854,2.58839206122895
2019-02-16,NA,0,0,0,0,0.219216671838846,2.55508797222369
2019-02-17,NA,0,0,0,0,0.21540335301471,2.52886160242584
2019-02-18,NA,0,0,0,0,0.213143428406877,2.5089447747789
2019-02-19,NA,0,0,0,0,0.212304796141782,2.49456931222637
2019-02-20,NA,17.3833076815316,0,0,0,0.212755354345858,2.48496703771176
2019-02-21,NA,31.8147329265767,0,0,0,0.214363001145536,2.47936977417859
2019-02-22,NA,26.2389549909911,0,0,0,0.21699563466725,2.47700934457034
2019-02-23,NA,17.0553207441442,0,0,0,0.220521153037432,2.47711757183054
2019-02-24,NA,9.18363424684689,0,0,0,0.224807454382517,2.47892627890268
2019-02-25,NA,2.29590856171172,0,0,0,0.229722436828936,2.48166728873028
2019-02-26,NA,2.62389549909911,0,0,0,0.235133998503123,2.48457242425684
2019-02-27,NA,2.62389549909911,0,0,0,0.24091003753151,2.48687350842586
2019-02-28,NA,1.63993468693694,0,0,0,0.244137182882437,2.48395982980984
2019-03-01,NA,0.327986937387389,0,0,0,0.242882516512521,2.47342479224787
2019-03-02,NA,0,0,0,0,0.238484616030616,2.45780639158338
2019-03-03,NA,0,0,0,0,0.232282059045572,2.43964262365979
2019-03-04,NA,0,0,0,0,0.225613423166243,2.42147148432051
2019-03-05,NA,0,0,0,0,0.21981728600148,2.40583096940896
2019-03-06,NA,1.63993468693694,0,0,0,0.216232225160135,2.39525907476857
2019-03-07,NA,1.63993468693694,0,0,0,0.216196818251061,2.39229379624275
2019-03-08,NA,0.655973874774778,0,0,0,0.22104964288311,2.39947312967493
2019-03-09,NA,0.983960812162166,0,0,0,0.232129276665133,2.41933507090852
2019-03-10,NA,0.655973874774778,0,0,0,0.250774297205983,2.45441761578694
2019-03-11,NA,0,0,0,0,0.267544628473659,2.49253806464775
2019-03-12,NA,0,0,0,0,0.273904246727338,2.52174679012728
2019-03-13,NA,0,0,0,0,0.272547808012639,2.54493139651706
2019-03-14,NA,0,0,0,0,0.266169968375178,2.56497948810864
2019-03-15,NA,0,0,0,0,0.257465383860572,2.58477866919358
2019-03-16,NA,0,0,0,0,0.24912871051444,2.60721654406343
2019-03-17,NA,0,0,0,0,0.243854604382399,2.63518071700972
2019-03-18,NA,0,0,0,0,0.244337721510066,2.67155879232401
2019-03-19,NA,0,0,0,0,0.253272717943059,2.71923837429786
2019-03-20,NA,0,0,0,0,0.273354249726995,2.7811070672228
2019-03-21,NA,0.327986937387389,0,0,0,0.307276972907492,2.86005247539038
2019-03-22,NA,4.26383018603605,0,0,0,0.357735543530167,2.95896220309216
2019-03-23,NA,3.93584324864867,0,0,0,0.41302144065772,3.06290251373072
2019-03-24,NA,2.62389549909911,0,0,0,0.461381442352463,3.1575860924554
2019-03-25,NA,0.983960812162166,0,0,0,0.505443153159435,3.24687017617788
2019-03-26,NA,0,0,0,0,0.547834177623676,3.33461200180986
2019-03-27,NA,0,0,0,0,0.591182120290224,3.42466880626302
2019-03-28,NA,0,0,0,0,0.63811458570412,3.52089782644905
2019-03-29,NA,0,0,0,0,0.691259178410401,3.62715629927964
2019-03-30,NA,0,0,0,0,0.753243502954108,3.74730146166647
2019-03-31,NA,0,0,0,0,0.826695163880279,3.88519055052124
2019-04-01,NA,0,0,0,0,0.914241765733953,4.04468080275562
2019-04-02,NA,0,0,0,0,1.01851091306017,4.22962945528132
2019-04-03,NA,0,0,0,0.0657324668984749,1.13435914496768,4.42893909429853
2019-04-04,NA,0,0,0,0.107529321857547,1.25498979019226,4.63001325594113
2019-04-05,NA,0,0,0,0.14729074932108,1.38055063771952,4.83446060202128
2019-04-06,NA,0,0,0,0.186481988326691,1.51118947653505,5.04388979435118
2019-04-07,NA,0,0,0,0.226568277911997,1.64705409562444,5.25990949474301
2019-04-08,NA,0,0,0,0.269014857114615,1.78829228397329,5.48412836500895
2019-04-09,NA,4.59181712342344,0,0,0.315286964972161,1.93505183056721,5.71815506696118
2019-04-10,NA,13.4474644328829,0,0,0.366849840522253,2.08748052439177,5.96359826241189
2019-04-11,NA,12.4635036207208,0,0,0.425168722802508,2.24572615443259,6.22206661317324
2019-04-12,NA,8.8556473094595,0,0,0.491708850850543,2.40993650967525,6.49516878105744
2019-04-13,NA,7.87168649729733,0,0,0.567935463703973,2.58025937910535,6.78451342787666
2019-04-14,NA,7.54369955990994,0,0,0.655313800400417,2.75684255170849,7.09170921544308
2019-04-15,NA,7.21571262252255,0,0,0.749780017625938,2.94258605846411,7.4171500852521
2019-04-16,NA,5.57577793558561,0,0.0337692952568449,0.846621452289133,3.13946768767084,7.75921370956039
2019-04-17,NA,5.24779099819822,0,0.0602409397257031,0.946330113761417,3.3462518642931,8.11648434632196
2019-04-18,NA,5.57577793558561,0,0.0851032822906291,1.0493980114142,3.56170301329531,8.48754625349088
2019-04-19,NA,3.60785631126128,0,0.110376022349507,1.15631715461891,3.78458555964187,8.87098368902115
2019-04-20,NA,2.29590856171172,0,0.138078859300221,1.26757955274695,4.0136639282972,9.26538091086684
2019-04-21,NA,1.96792162432433,0,0.170231492540655,1.38367721516974,4.24770254422572,9.66932217698198
2019-04-22,NA,1.96792162432433,0,0.208853621468694,1.5051021512587,4.48546583239183,10.0813917453206
2019-04-23,NA,1.31194774954956,0,0.255964945482222,1.63234637038523,4.72571821775996,10.5001738738367
2019-04-24,NA,1.31194774954956,0,0.313585163979123,1.76590188192076,4.9672241252945,10.9242528204845
2019-04-25,NA,0.983960812162166,0,0.383733976357281,1.9062606952367,5.20874797995988,11.3522128432178
2019-04-26,NA,0.655973874774778,0,0.460975096929772,2.05636020359986,5.45916782192126,11.7957818312423
2019-04-27,NA,0.655973874774778,0,0.539003409915226,2.21784189432146,5.72648051120558,12.2652312466473
2019-04-28,NA,23.2870725545046,0,0.618535369569857,2.38925391783949,6.00812870256996,12.7569607067128
2019-04-29,NA,31.1587590518019,0,0.70028743014988,2.56914442459197,6.30155505077152,13.2673698287185
2019-04-30,NA,30.8307721144145,0,0.784976045911507,2.75606156501691,6.60420221056738,13.7928582299441
2019-05-01,NA,29.518824364865,0,0.873317671110954,2.94855348955229,6.91351283671464,14.3298255276695
2019-05-02,NA,28.8628504900902,0,0.966028760004433,3.14516834863614,7.22692958397043,14.8746713391744
2019-05-03,NA,26.5669419283785,0,1.06382576684816,3.34445429270646,7.54189510709186,15.4237952817387
2019-05-04,NA,24.5990203040542,0,1.16742514589835,3.54495947220124,7.85585206083604,15.9735969726421
2019-05-05,NA,22.9590856171172,0.0349088520880857,1.27754335141121,3.74523203755851,8.1662430999601,16.5204760291645
2019-05-06,NA,22.3031117423424,0.0748027231308605,1.39489683764297,3.94382013921625,8.47051087922114,17.0608320685855
2019-05-07,NA,21.3191509301803,0.125509243220789,1.52020205884983,4.13927192761249,8.76609805337628,17.5910647081851
2019-05-08,NA,19.6792162432433,0.181868062526403,1.65429050462499,4.33753970812316,9.06099434187315,18.1222498247216
2019-05-09,NA,18.3672684936938,0.238175879967509,1.79689785067078,4.54472927941789,9.36407857557641,18.6668694530411
2019-05-10,NA,17.711294618919,0.295233324773905,1.94709683040709,4.75961903187515,9.67412707636873,19.2234324475547
2019-05-11,NA,17.0553207441442,0.353841026175389,2.10396017725379,4.98098735587347,9.9899161661328,19.7904476626735
2019-05-12,NA,17.0553207441442,0.414799613401761,2.26656062463077,5.20761264179132,10.3102221667513,20.3664239528086
2019-05-13,NA,16.7273338067568,0.478909715682817,2.43397090595793,5.4382732800072,10.6338214001069,20.9498701723711
2019-05-14,NA,16.7273338067568,0.546971962248357,2.60526375465514,5.67174766089961,10.9594901880822,21.5392951757721
2019-05-15,NA,16.7273338067568,0.61978698232818,2.77951190414228,5.90681417484705,11.28600485256,22.1332078174227
2019-05-16,NA,21.3191509301803,0.698155405152083,2.95578808783926,6.14225121222801,11.6121417154229,22.7301169517341
2019-05-17,NA,21.3191509301803,0.782877859949865,3.13316503916594,6.37683716342099,11.9366770985536,23.3285314331173
2019-05-18,NA,20.9911639927929,0.874754975951324,3.31071549154222,6.60935041880448,12.2583873238348,23.9269601159836
2019-05-19,NA,20.3351901180181,0.975099367666903,3.49426579719137,6.84092873485993,12.5771063640937,24.5433129559751
2019-05-20,NA,20.6631770554055,1.08400013132882,3.68920862834563,7.07380047703022,12.8940846283418,25.192509045054
2019-05-21,NA,20.6631770554055,1.20042261874954,3.89396619843835,7.30837994913604,13.2102230927378,25.8685709421109
2019-05-22,NA,23.2870725545046,1.32333218174152,4.10696072090286,7.54508145499807,13.5264227334405,26.5655212060367
2019-05-23,NA,23.2870725545046,1.45169417211722,4.32661440917253,7.78431929843698,13.8435845266089,27.277382395722
2019-05-24,NA,23.2870725545046,1.58447394168912,4.5513494766807,8.02650778327345,14.1626094484016,27.9981770700576
2019-05-25,NA,23.2870725545046,1.72063684226967,4.7795881368607,8.27206121332816,14.4843984749776,28.721927787934
2019-05-26,NA,22.9590856171172,1.85914822567134,5.00975260314589,8.52139389242179,14.8098525824956,29.4426571082421
2019-05-27,NA,22.9590856171172,1.99897344370658,5.24026508896962,8.77492012437502,15.1398727471145,30.1543875898726
2019-05-28,NA,22.9590856171172,2.13907784818787,5.46954780776523,9.03305421300852,15.4753599449931,30.8511417917161
2019-05-29,NA,22.9590856171172,2.27842679092766,5.69602297296606,9.29621046214298,15.8172151522902,31.5269422726634
2019-05-30,NA,22.6310986797298,2.41598562373842,5.91811279800547,9.56480317559907,16.1663393451647,32.1758115916052
2019-05-31,NA,22.6310986797298,2.56033067838552,6.14211931814361,9.83763787225113,16.5223524828863,32.8209765840589
2019-06-01,NA,22.6310986797298,2.71893706015254,6.3745169325201,10.1132696223945,16.8838167144111,33.4864060970621
2019-06-02,NA,22.6310986797298,2.88911828112932,6.6139864003875,10.3917370569814,17.2500463004273,34.1672357067854
2019-06-03,NA,22.6310986797298,3.06818785340567,6.85920848099833,10.6730788069638,17.6203555016232,34.8586009893999
2019-06-04,NA,22.6310986797298,3.25345928907143,7.10886393360516,10.9573335032941,17.9940585786871,35.5556375210762
2019-06-05,NA,22.9590856171172,3.44224610021642,7.36163351746051,11.2445397769243,18.3704697923071,36.2534808779852
2019-06-06,NA,24.5990203040542,3.63186179893046,7.61619799181693,11.5347362588066,18.7489034031715,36.9472666362978
2019-06-07,NA,23.615059491892,3.81961989730338,7.87123811592696,11.8279615798931,19.1286736719685,37.6321303721847
2019-06-08,NA,22.6310986797298,4.00283390742499,8.12543464904315,12.124254371136,19.5090948593864,38.3032076618167
2019-06-09,NA,21.9751248049551,4.17881734138513,8.37746835041803,12.4236532634875,19.8894812261135,38.9556340813648
2019-06-10,NA,21.9751248049551,4.34488371127362,8.62601997930415,12.7261968878997,20.2691470328378,39.5845452069996
2019-06-11,NA,22.6310986797298,4.51245500964691,8.87342133543699,13.0357451513311,20.6567805203721,40.1921314881769
2019-06-12,NA,22.6310986797298,4.69290020603015,9.12289452896434,13.3550443435232,21.0594605612531,40.7858179927335
2019-06-13,NA,23.9430464292794,4.88345327796618,9.37445578475722,13.6824626696024,21.4740873637551,41.368592224412
2019-06-14,NA,23.615059491892,5.08134820299785,9.62812132768666,14.016368334695,21.8975611361527,41.943441686955
2019-06-15,NA,22.6310986797298,5.28381895866802,9.8839073826237,14.3551295439275,22.3267820867202,42.5133538841052
2019-06-16,NA,22.6310986797298,5.48809952251953,10.1418301744394,14.6971145024264,22.7586504237323,43.0813163196053
2019-06-17,NA,22.3031117423424,5.69142387209523,10.4019059280047,15.0406914153179,23.1900663554632,43.6503164971978
2019-06-18,NA,22.3031117423424,5.89102598493797,10.6641508681906,15.3842284877286,23.6179300901876,44.2233419206254
2019-06-19,NA,22.6310986797298,6.08413983859061,10.9285812198683,15.7260939247848,24.0391418361798,44.8033800936307
2019-06-20,NA,22.6310986797298,6.26799941059599,11.1952132079087,16.064655931613,24.4506018017142,45.3934185199563
2019-06-21,NA,22.6310986797298,6.43983867849696,11.4640630571829,16.3982827133396,24.8492101950655,45.996444703345
2019-06-22,NA,22.6310986797298,6.60776889468401,11.7370636865969,16.7400236920609,25.2450741793114,46.6013789174598
2019-06-23,NA,22.6310986797298,6.78084510923977,12.0155512008185,17.1011899290102,25.6491007970484,47.1966444319322
2019-06-24,NA,23.615059491892,6.9577169962453,12.2986466033605,17.4775420880188,26.0593900758288,47.7844832444568
2019-06-25,NA,23.615059491892,7.13703422978167,12.5854708977362,17.8648408329182,26.4740420432046,48.3671373527286
2019-06-26,NA,23.615059491892,7.31744648392994,12.8751450874587,18.25884682754,26.8911567267282,48.9468487544424
2019-06-27,NA,23.2870725545046,7.49760343277118,13.166790176041,18.6553207357154,27.3088341539518,49.5258594472929
2019-06-28,NA,23.2870725545046,7.67615475038646,13.4595271669962,19.0500232212761,27.7251743524275,50.1064114289751
2019-06-29,NA,23.2870725545046,7.85175011085684,13.7524770638375,19.4387149480533,28.1382773497075,50.6907466971836
2019-06-30,NA,23.2870725545046,8.02303918826339,14.0447608700779,19.8171565798787,28.5462431733441,51.2811072496134
2019-07-01,NA,22.9590856171172,8.18867165668717,14.3354995892305,20.1811087805836,28.9471718508894,51.8797350839593
2019-07-02,NA,22.9590856171172,8.34729719020925,14.6238142248085,20.5263322139995,29.3391634098957,52.488872197916
2019-07-03,NA,22.9590856171172,8.50040008903979,14.9201525782116,20.8730324104121,29.7295202836669,53.1075671585807
2019-07-04,NA,22.6310986797298,8.6506083373547,15.2332242477739,21.2410440948715,30.1258874937526,53.7324513157089
2019-07-05,NA,22.3031117423424,8.79828713518362,15.5595429324102,21.6255717233553,30.5268789500737,54.3621408409829
2019-07-06,NA,21.6471378675677,8.94380168255621,15.8956223310351,22.0218197518414,30.931108562551,54.9952519060853
2019-07-07,NA,21.3191509301803,9.08751717950214,16.2379761425633,22.4249926363075,31.3371902411054,55.6304006826984
2019-07-08,NA,21.6471378675677,9.22979882605107,16.5831180659095,22.8302948327315,31.7437378956577,56.2662033425045
2019-07-09,NA,21.9751248049551,9.37101182223265,16.9275617999885,23.2329307970912,32.1493654361288,56.9012760571862
2019-07-10,NA,21.9751248049551,9.51152136807653,17.2678210437149,23.6281049853643,32.5526867724396,57.5342349984258
2019-07-11,NA,21.9751248049551,9.65169266361239,17.6004094960034,24.0110218535286,32.9523158145109,58.1636963379058
2019-07-12,NA,21.9751248049551,9.79189090886988,17.9218408557687,24.376885857562,33.3468664722636,58.7882762473085
2019-07-13,NA,21.6471378675677,9.93248130387865,18.2286288219255,24.7209014534422,33.7349526556185,59.4065908983163
2019-07-14,NA,21.6471378675677,10.0738290486684,18.5172870933884,25.038273097147,34.1151882744964,60.0172564626117
2019-07-15,NA,21.6471378675677,10.217790100827,18.809327726028,25.3455959734275,34.493425406393,60.6360158356389
2019-07-16,NA,21.3191509301803,10.3651868119373,19.1245744474842,25.6606857895939,34.8754660513677,61.2758383130294
2019-07-17,NA,20.9911639927929,10.5148339730212,19.4570084643268,25.9805777854627,35.2598490031876,61.9311796667471
2019-07-18,NA,20.9911639927929,10.6655463751005,19.8006109831251,26.3023072008505,35.6451130556199,62.5964956687557
2019-07-19,NA,20.6631770554055,10.8161388091973,20.1493632104489,26.6229092755735,36.0297970024317,63.2662420910189
2019-07-20,NA,20.3351901180181,10.9654260663334,20.4972463528674,26.9394192494484,36.4124396373899,63.9348747055003
2019-07-21,NA,20.6631770554055,11.1122229375308,20.8382416169503,27.2488723622916,36.7915797542618,64.5968492841638
2019-07-22,NA,20.6631770554055,11.2553442138112,21.1663302092671,27.5483038539196,37.1657561468143,65.2466215989729
2019-07-23,NA,21.3191509301803,11.3936046861967,21.4754933363874,27.8347489641488,37.5335076088146,65.8786474218915
2019-07-24,NA,21.6471378675677,11.5258191457091,21.7597122048806,28.1052429327958,37.8933729340298,66.4873825248832
2019-07-25,NA,21.3191509301803,11.6508023833705,22.0129680213162,28.3568209996769,38.2438909162269,67.0672826799117
2019-07-26,NA,21.3191509301803,11.7775574197926,22.2553849328484,28.5940309328153,38.5986960279338,67.6590013630245
2019-07-27,NA,21.3191509301803,11.9141049541997,22.5087237633637,28.8235325589603,38.9694770141238,68.2992793122059
2019-07-28,NA,20.9911639927929,12.0577862955317,22.7694207345301,29.0455292060174,39.3518540772315,68.9767031923251
2019-07-29,NA,20.9911639927929,12.2059427527288,23.033912068016,29.2602242018923,39.7414474196919,69.6798596682514
2019-07-30,NA,20.9911639927929,12.3559156347311,23.2986339854895,29.4678208744907,40.1338772439399,70.3973354048538
2019-07-31,NA,20.9911639927929,12.5050462504786,23.5600227086188,29.6685225517182,40.5247637524104,71.1177170670016
2019-08-01,NA,20.6631770554055,12.6506759089113,23.814514459072,29.8625325614806,40.9097271475381,71.829591319564
2019-08-02,NA,20.6631770554055,12.7901459189695,24.0585454585173,30.0500542316834,41.284387631758,72.5215448274101
2019-08-03,NA,20.9911639927929,12.920797589593,24.288551928623,30.2312908902323,41.644365407505,73.1821642554091
2019-08-04,NA,20.9911639927929,13.0399722297221,24.5009700910572,30.4064458650331,41.9852806772139,73.8000362684303
2019-08-05,NA,20.9911639927929,13.1450111482967,24.6922361674881,30.5757224839912,42.3027536433196,74.3637475313428
2019-08-06,NA,20.9911639927929,13.2332556542571,24.8587863795838,30.7393240750125,42.592404508257,74.8618847090158
2019-08-07,NA,20.6631770554055,13.3140086660567,25.0092272557762,30.898200783534,42.8825956226048,75.3430671745475
2019-08-08,NA,21.9751248049551,13.3972966644085,25.1541029758276,31.0527673438036,43.1992211123483,75.8562878089461
2019-08-09,NA,21.3191509301803,13.4815463016415,25.2927562384024,31.2024239669428,43.5341988430321,76.3906935389453
2019-08-10,NA,21.3191509301803,13.5651842300846,25.4245297421649,31.346570864073,43.8794466802009,76.9354312912791
2019-08-11,NA,20.6631770554055,13.6466371020666,25.5487661857792,31.4846082463157,44.2268824893993,77.4796479926813
2019-08-12,NA,18.6952554310812,13.7243315699166,25.6648082679097,31.6159363247924,44.5684241361718,78.0124905698857
2019-08-13,NA,18.3672684936938,13.7966942859634,25.7719986872207,31.7399553106246,44.8959894860632,78.5231059496262
2019-08-14,NA,19.0232423684685,13.8621519025359,25.8696801423764,31.8560654149338,45.2014964046179,79.0006410586366
2019-08-15,NA,18.6952554310812,13.9191310719631,25.9571953320411,31.9636668488414,45.4768627573807,79.4342428236509
2019-08-16,NA,18.6952554310812,13.966058446574,26.0338869548791,32.0621598234689,45.714006409896,79.8130581714029
2019-08-17,NA,20.0072031806307,14.0013606786974,26.0990977095546,32.1509445499379,45.9048452277087,80.1262340286263
2019-08-18,NA,20.0072031806307,14.0260452342409,26.1492575532584,32.2352372289555,46.0633202667588,80.391301542527
2019-08-19,NA,19.6792162432433,14.0426492162864,26.1823443579379,32.3195256858752,46.2090216362062,80.6332472937245
2019-08-20,NA,19.6792162432433,14.051893732924,26.2000226943924,32.4021175687879,46.342340781425,80.8524013590732
2019-08-21,NA,19.3512293058559,14.0544998922438,26.2039571334211,32.4813205257844,46.4636691477889,81.0490938154276
2019-08-22,NA,19.3512293058559,14.051188802336,26.1958122458233,32.5554422049555,46.5733981806722,81.2236547396421
2019-08-23,NA,19.3512293058559,14.0426815712906,26.1772526023983,32.6227902543922,46.6719193254486,81.3764142085712
2019-08-24,NA,19.6792162432433,14.0296993071978,26.1499427739454,32.6816723221853,46.7596240274923,81.5077022990694
2019-08-25,NA,19.6792162432433,14.0129631181477,26.1155473312637,32.7303960564256,46.8369037321771,81.6178490879912
2019-08-26,NA,18.3672684936938,13.9931941122305,26.0757308451525,32.7672691052041,46.904149884877,81.7071846521909
2019-08-27,NA,18.0392815563064,13.9711133975362,26.0321578864112,32.7905991166116,46.961753930966,81.7760390685232
2019-08-28,NA,18.3672684936938,13.947442082155,25.986493025839,32.7986937387389,47.0101073158181,81.8247424138423
2019-08-29,NA,19.0232423684685,13.9229012741771,25.9404008342351,32.7898606196769,47.0496014848072,81.8536247650029
2019-08-30,NA,19.0232423684685,13.8893770034245,25.8874426051921,32.7679337793103,47.0659149992013,81.8566397295829
2019-08-31,NA,19.0232423684685,13.8400558937613,25.8209191827813,32.7378640521199,47.0481239946624,81.8291034271749
2019-09-01,NA,18.3672684936938,13.7776099443402,25.7421044635204,32.6996343080909,47.001716278156,81.7733897026551
2019-09-02,NA,20.9911639927929,13.7047111543141,25.652272343927,32.6532274172085,46.9321796566474,81.6918724008995
2019-09-03,NA,25.5829811162163,13.6240315228359,25.5526967205187,32.5986262494577,46.8450019371021,81.5869253667845
2019-09-04,NA,24.2710333666668,13.5382430490582,25.444651489813,32.5358136748238,46.7456709264855,81.4609224451861
2019-09-05,NA,23.9430464292794,13.450017732134,25.3294105483276,32.4647725632919,46.6396744317628,81.3162374809806
2019-09-06,NA,23.2870725545046,13.362027571216,25.2082477925801,32.3854857848472,46.5325002598995,81.1552443190441
2019-09-07,NA,23.2870725545046,13.2769445654572,25.0824371190881,32.2979362094748,46.429636217861,80.9803168042529
2019-09-08,NA,22.9590856171172,13.1974407140103,24.9532524243691,32.20210670716,46.3365701126127,80.793828781483
2019-09-09,NA,21.6471378675677,13.1261880160281,24.8219676049409,32.0979801478878,46.25878975112,80.5981540956107
2019-09-10,NA,21.3191509301803,13.053294407056,24.684683793973,31.9774851984184,46.1796648943386,80.3837710043279
2019-09-11,NA,20.9911639927929,12.968331030949,24.5371470243532,31.8346740681445,46.0804228803491,80.1408225867645
2019-09-12,NA,18.6952554310812,12.8731646993239,24.380098542176,31.6727149410003,45.9633378818038,79.8711799199531
2019-09-13,NA,16.7273338067568,12.7696622237976,24.2142795935361,31.4947760009199,45.830684071355,79.5767140809267
2019-09-14,NA,15.0873991198199,12.6596904159871,24.0404314245279,31.3040254318376,45.6847356216551,79.2592961467181
2019-09-15,NA,13.1194774954956,12.5451160875093,23.8592952812461,31.1036314176874,45.5277667053565,78.9207971943603
2019-09-16,NA,12.4635036207208,12.4278060499812,23.6716124097852,30.8967621424037,45.3620514951115,78.5630883008859
2019-09-17,NA,13.7754513702703,12.3096271150197,23.4781240562398,30.6865857899204,45.1898641635724,78.1880405433279
2019-09-18,NA,13.7754513702703,12.1924460942416,23.2795714667045,30.4762705441718,45.0134788833917,77.7975249987191
2019-09-19,NA,12.4635036207208,12.0781297992641,23.0766958872738,30.2689845890921,44.8351698272216,77.3934127440924
2019-09-20,NA,11.4795428085586,11.9685450417039,22.8702385640424,30.0678961086155,44.6572111677146,76.9775748564806
2019-09-21,NA,11.4795428085586,11.865558633178,22.6609407431047,29.876173286676,44.4818770775229,76.5518824129165
2019-09-22,NA,11.1515558711712,11.7682467403414,22.4405446888049,29.6807674101206,44.312271350198,76.1047039579424
2019-09-23,NA,11.1515558711712,11.6737632325623,22.2022155754948,29.4682476043588,44.1479031206644,75.6254158274442
2019-09-24,NA,13.4474644328829,11.5810914755275,21.9488290142805,29.2412088111689,43.9856545736344,75.1174007854707
2019-09-25,NA,13.1194774954956,11.4892148349239,21.6832606162684,29.0022459723291,43.8224078938201,74.5840415960705
2019-09-26,NA,12.7914905581082,11.3971166764383,21.4083859925645,28.7539540296177,43.6550452659335,74.0287210232925
2019-09-27,NA,12.7914905581082,11.3037803657574,21.1270807542751,28.4989279248131,43.480448874687,73.4548218311854
2019-09-28,NA,12.4635036207208,11.2081892685681,20.8422205125064,28.2397625996933,43.2955009047927,72.8657267837978
2019-09-29,NA,11.4795428085586,11.1093267505571,20.5566808783645,27.9790529960368,43.0970835409626,72.2648186451785
2019-09-30,NA,11.4795428085586,11.0061761774114,20.2733374629558,27.7193940556217,42.8820789679091,71.6554801793762
2019-10-01,NA,11.4795428085586,10.8977209148177,19.9950658773863,27.4633807202264,42.6473693703441,71.0410941504396
2019-10-02,NA,11.4795428085586,10.7829443284629,19.7247417327624,27.213607931629,42.38983693298,70.4250433224174
2019-10-03,NA,11.4795428085586,10.6669038174943,19.4466037117429,26.9613076058541,42.1234502772685,69.7836460325658
2019-10-04,NA,11.1515558711712,10.554545755547,19.1456731680057,26.6970213334712,41.8624010544719,69.095575345843
2019-10-05,NA,11.1515558711712,10.4446869700388,18.8259997191847,26.4223085680764,41.603905994018,68.3677461178506
2019-10-06,NA,11.1515558711712,10.3361442883876,18.4916329829142,26.1387287632659,41.3451818253346,67.6070732041905
2019-10-07,NA,11.1515558711712,10.2277345380113,18.1466225768283,25.8478413726359,41.0834452778496,66.8204714604644
2019-10-08,NA,11.1515558711712,10.1182745463278,17.7950181185612,25.5512058497825,40.8159130809907,66.0148557422741
2019-10-09,NA,10.8235689337838,10.0065811407549,17.4408692257469,25.2503816483019,40.5398019641857,65.1971409052214
2019-10-10,NA,11.1515558711712,9.89147114871064,17.0882255160198,24.9469282217901,40.2523286568624,64.3742418049079
2019-10-11,NA,12.1355166833334,9.7717613976128,16.7411366070138,24.6424050238434,39.9507098884487,63.5530732969355
2019-10-12,NA,21.3191509301803,9.64626871487932,16.4036521163632,24.3383715080579,39.6321623883723,62.740550236906
2019-10-13,NA,19.6792162432433,9.51380992792807,16.079821661702,24.0363871280297,39.2939028860611,61.9435874804211
2019-10-14,NA,16.7273338067568,9.37320186417696,15.7736948606645,23.738011337355,38.9331481109428,61.1690998830825
2019-10-15,NA,15.0873991198199,9.22326478519563,15.465317308142,23.4390997201,38.5527113739937,60.3746189129838
2019-10-16,NA,13.1194774954956,9.06456819364568,15.1353132027891,23.1349043376977,38.1580267631311,59.5210962359148
2019-10-17,NA,11.4795428085586,8.89855277858291,14.7886000678849,22.8260793597942,37.7502421731939,58.6205770040219
2019-10-18,NA,11.1515558711712,8.72665922906311,14.4300954267084,22.5132789560357,37.3305054990212,57.6851063694514
2019-10-19,NA,8.8556473094595,8.55032823414211,14.0647168025387,22.1971572960684,36.8999646354521,56.7267294843497
2019-10-20,NA,6.88772568513517,8.3710004828757,13.6973817186549,21.8783685495384,36.4597674773256,55.757491500863
2019-10-21,NA,5.57577793558561,8.19011666431969,13.3330076983361,21.5575668860918,36.0110619194808,54.7894375711376
2019-10-22,NA,4.59181712342344,8.00911746752987,12.9765122648612,21.2354064753749,35.5549958567566,53.8346128473201
2019-10-23,NA,3.27986937387389,7.82944358156205,12.6328129415094,20.9125414870338,35.0927171839922,52.9050624815565
2019-10-24,NA,1.96792162432433,7.65253569547204,12.3068272515597,20.5896260907147,34.6253737960265,52.0128316259933
2019-10-25,NA,3.60785631126128,7.47983449831564,12.0034727182911,20.2673144560637,34.1541135876987,51.1699654327768
2019-10-26,NA,3.93584324864867,7.29997361846346,11.7104238112189,19.9444124845832,33.6549802963168,50.3316408446515
2019-10-27,NA,3.60785631126128,7.1028612019283,11.4130175993119,19.6193585268376,33.1085806782079,49.4508833486707
2019-10-28,NA,5.903764872973,6.89184971422925,11.1126655050297,19.2922554260663,32.5229071567401,48.536510913444
2019-10-29,NA,8.52766037207211,6.67029162088539,10.810778950832,18.9632060255086,31.9059521552814,47.5973415075807
2019-10-30,NA,17.711294618919,6.4415393874158,10.5087693591784,18.6323131684037,31.2657080971998,46.6421930996904
2019-10-31,NA,14.7594121824325,6.20894547933957,10.2080481525287,18.2996796979909,30.6101674058633,45.6798836583826
2019-11-01,NA,16.7273338067568,5.97586236217578,9.91002675334243,17.9654084575097,29.9473225046399,44.7192311522669
2019-11-02,NA,14.1034383076577,5.74564250144351,9.61611658407929,17.6296022901992,29.2851658168975,43.7690535499526
2019-11-03,NA,9.51162118423427,5.52163836266185,9.32772906719892,17.2923640392988,28.6316897660043,42.8381688200493
2019-11-04,NA,8.8556473094595,5.30720241134989,9.046275625161,16.9537965480477,27.9948867753281,41.9353949311666
2019-11-05,NA,5.903764872973,5.10568711302669,8.77316768042517,16.6140026596854,27.3827492682371,41.0695498519138
2019-11-06,NA,3.93584324864867,4.92044493321136,8.5098166554511,16.273085217451,26.8032696680991,40.2494515509005
2019-11-07,NA,2.29590856171172,4.73817334127663,8.2539301212646,15.9210119032323,26.2220152373783,39.4535946028701
2019-11-08,NA,3.93584324864867,4.54531822259195,8.00217431369973,15.5504886136914,25.6048065004227,38.6559280760015
2019-11-09,NA,15.4153860572073,4.34485466667149,7.75439865242848,15.1657255142297,24.960015773426,37.8584516790574
2019-11-10,NA,15.0873991198199,4.13975776302939,7.51045255712288,14.7709327702484,24.2960153725819,37.0631651208009
2019-11-11,NA,12.4635036207208,3.93300260117982,7.27018544745493,14.3703205471487,23.621177614084,36.2720681099947
2019-11-12,NA,9.18363424684689,3.72756427063691,7.03344674309663,13.9680990103319,22.9438748141262,35.4871603554018
2019-11-13,NA,7.54369955990994,3.52641786091484,6.80008586372,13.5684783251992,22.272479288902,34.7104415657849
2019-11-14,NA,5.57577793558561,3.33253846152774,6.56995222899703,13.1756686571519,21.6153633546052,33.943911449907
2019-11-15,NA,3.93584324864867,3.14890116198978,6.34289525859975,12.7938801715911,20.9808993274295,33.1895697165309
2019-11-16,NA,3.60785631126128,2.97848105181511,6.11876437220015,12.4273230339183,20.3774595235686,32.4494160744195
2019-11-17,NA,3.93584324864867,2.82425322051789,5.89740898947024,12.0802074095346,19.8134162592162,31.7254502323356
2019-11-18,NA,7.87168649729733,2.67894203547798,5.67903939523582,11.7410097483851,19.2679443523977,31.0132538600987
2019-11-19,NA,19.0232423684685,2.53372875339149,5.4640038900961,11.3963535253466,18.7160415320555,30.3072803006274
2019-11-20,NA,46.9021320463966,2.38927379774693,5.25235891738322,11.0476694432176,18.159814480759,29.607836772334
2019-11-21,NA,37.3905108621623,2.24623759203281,5.04416092042932,10.6963882047967,17.6013698810774,28.9152304936304
2019-11-22,NA,29.1908374274776,2.10528055973764,4.83946634256655,10.3439405128825,17.0428144155798,28.2297686829288
2019-11-23,NA,24.2710333666668,1.96706312434993,4.63833162712704,9.99175707027366,16.4862547668357,27.5517585586413
2019-11-24,NA,21.9751248049551,1.83224570935819,4.44081321744295,9.6412685797687,15.9337976174143,26.8815073391799
2019-11-25,NA,20.6631770554055,1.70148873825092,4.2469675568464,9.29390574416624,15.3875496498848,26.2193222429567
2019-11-26,NA,20.0072031806307,1.57545263451664,4.05685108866954,8.95109926626486,14.8496175468165,25.5655104883839
2019-11-27,NA,19.6792162432433,1.45479782164386,3.87052025624452,8.61427984886316,14.3221079907787,24.9203792938734
2019-11-28,NA,19.0232423684685,1.34018472312109,3.68803150290348,8.28487819475972,13.8071276643406,24.2842358778373
2019-11-29,NA,18.0392815563064,1.23227376243683,3.50944127197855,7.96432500675315,13.3067832500716,23.6573874586878
2019-11-30,NA,17.3833076815316,1.12882693413811,3.33474864767447,7.6481458530555,12.8147143087587,23.0389072795267
2019-12-01,NA,14.7594121824325,1.02740800920929,3.1638814857455,7.33133191777111,12.3237033471739,22.427748202958
2019-12-02,NA,12.4635036207208,0.928380075794903,2.99678938684808,7.01451232753693,11.8345714668636,21.8240368766477
2019-12-03,NA,9.83960812162166,0.832106222039475,2.83342195163864,6.69831620898993,11.3481397693742,21.2278999482613
2019-12-04,NA,8.52766037207211,0.738949536087537,2.67372878077363,6.38337268876706,10.865229356252,20.6394640654648
2019-12-05,NA,9.18363424684689,0.649273106083621,2.51765947490948,6.0703108935053,10.3866613290433,20.0588558759237
2019-12-06,NA,9.18363424684689,0.563440020172254,2.36516363470263,5.75975994984161,9.91325678929466,19.4862020273039
2019-12-07,NA,0,0.481813366497968,2.21619086080953,5.45234898441295,9.4458368385523,18.9216291672711
2019-12-08,NA,0,0.404756233205291,2.0706907538866,5.14870712385627,8.98522257836263,18.365263943491
2019-12-09,NA,0,0.332631708438754,1.92861291459029,4.84946349480855,8.53223511027202,17.8172330036294
2019-12-10,NA,0,0.265802880342886,1.78990694357704,4.55524722390675,8.08769553582682,17.2776629953521
2019-12-11,NA,0,0.203509979930851,1.6546888230069,4.26477762735923,7.64992130884076,16.7463676591767
2019-12-12,NA,0,0.144797835641443,1.52309782839271,3.97642447688795,7.21677480508416,16.2230592205429
2019-12-13,NA,0,0.0897364317576357,1.39511850042006,3.69029258240032,6.78839450903833,15.7077120544993
2019-12-14,NA,0,0.0383957525624035,1.27073537977454,3.40648675380373,6.36491890518457,15.2003005360944
2019-12-15,NA,0,0,1.14993300714173,3.12511180100557,5.94648647800418,14.7007990403769
2019-12-16,NA,0,0,1.03269592320724,2.84627253391324,5.53323571197847,14.2091819423953
2019-12-17,NA,0,0,0.919008668656644,2.57007376243413,5.12530509158872,13.7254236171982
2019-12-18,NA,0,0,0.808855784175543,2.29662029647563,4.72283310131625,13.2494984398341
2019-12-19,NA,0,0,0.702221810449525,2.02601694594514,4.32595822564235,12.7813807853517
2019-12-20,NA,0,0,0.599091288164181,1.75836852075005,3.93481894904832,12.3210450287995
2019-12-21,NA,0,0,0.499448758005102,1.49377983079776,3.54955375601547,11.8684655452262
2019-12-22,NA,0,0,0.403253666235814,1.23349632844673,3.171816702645,11.4235274924206
2019-12-23,NA,0,0,0.310490025547455,0.978421092476229,2.80280877816155,10.9861558295061
2019-12-24,NA,0,0,0.221179226267026,0.72814537242479,2.44198886673156,10.5563846335326
2019-12-25,NA,0,0,0.135342658721531,0.482260417830965,2.0888158525215,10.1342479815499
2019-12-26,NA,0,0,0.053001713237975,0.240357478233302,1.74274861969782,9.71977995060784
2019-12-27,NA,0,0,0,0,1.40324605242696,9.3130146177564
2019-12-28,NA,0,0,0,0,1.06976703487539,8.91398606004542
2019-12-29,NA,0,0,0,0,0.741770451209561,8.52272835452478
2019-12-30,NA,0,0,0,0,0.418715185595916,8.13927557824437
2019-12-31,NA,0,0,0,0,0.100060122200914,7.76366180825405
